Workbook
Name AverageSpeedLastEight: OFFSET(#REF!,1,0,#REF!,1)
Name AverageSpeedRealized: OFFSET(#REF!,1,0,#REF!,1)
Name AverageSpeedWorstThree: OFFSET(#REF!,1,0,#REF!,1)
Name ColBottomCurrentScope: OFFSET(#REF!,1,0,#REF!,1)
Name ColTopRemainingWork: OFFSET(#REF!,1,0,#REF!,1)
Name DoneDays: #REF!
Name ImplementationDays: #REF!
Name LastEight: IF(#REF!>8,OFFSET(#REF!,#REF!-7,0,8,1),OFFSET(#REF!,1,0,#REF!-1,1))
Name LastPlanned: IF(OFFSET(#REF!,1,0,1,1)="",1,OFFSET(#REF!,#REF!,0,1,1))
Name LastRealized: IF(OFFSET(#REF!,1,0,1,1)="",1,OFFSET(#REF!,#REF!,0,1,1))
Name PBCurrentBottom: OFFSET(#REF!,1,0,#REF!,1)
Name PBTrend: OFFSET(#REF!,1,0,#REF!,1)
Name PlannedSpeed: OFFSET(#REF!,1,0,#REF!,1)
Name ProductBacklog: 'Backlog del Producto'!$B$5:$N$190
Name RealizedSpeed: OFFSET(#REF!,1,0,#REF!,1)
Name Sprint: 'Backlog del Producto'!$L$7:$L$190
Name SprintCount: #REF!
Name SprintsInTrend: #REF!
Name SprintTasks: #REF!
Name Status: 'Backlog del Producto'!$M$7:$M$190
Name StoryName: 'Backlog del Producto'!#REF!
Name TaskRows: #REF!
Name TaskStatus: #REF!
Name TaskStoryID: #REF!
Name TotalEffort: #REF!
Name TrendDays: #REF!
Name TrendOffset: #REF!
Name TrendSprintCount: #REF!

Sheet Backlog del Producto
B1: Backlog Detallado del Producto | Q1: Por Hacer
B2: Nombre del Proyecto: | D2: Sistema web de generación óptima de horarios académicos en Huancayo, 2026 | Q2: En Progreso
B3: Dueño del Producto | D3: Daniel Gamarra | Q3: Terminado
Q4: Eliminado
B5: HISTORIA DE USUARIO | F5: TAREA | H5: OTROS DATOS DE LA HISTORIA DE USUARIO O TAREA
B6: ID Historia de Usuario | C6: Como (Rol) | D6: Deseo… | E6: Para… | F6: ID Tarea | G6: Descrición de la Tarea | H6: Criterios de Aceptación | I6: Prioridad | J6: Estimación | K6: Dependencias | L6: Sprint | M6: Estado | N6: Comentarios
B7: HU01 | C7: Usuario | D7: Iniciar sesion | E7: Acceder al sistema según mi rol | F7: 1.1 | G7: Diseñar interfaz de login | H7: Dado que el usuario ingresa credenciale s válidas, cuando inicia sesión, entonces accede al sistema. | I7: 10 | J7: 2 | L7: 1 | M7: Terminado
B8: HU01 | C8: Usuario | D8: Iniciar sesion | E8: Acceder al sistema según mi rol | F8: 1.2 | G8: Validar campos de login | H8: Dado que el usuario ingresa credenciale s válidas, cuando inicia sesión, entonces accede al sistema. | I8: 8 | J8: 3 | L8: 1 | M8: Terminado
B9: HU01 | C9: Usuario | D9: Iniciar sesion | E9: Acceder al sistema según mi rol | F9: 1.3 | G9: Implementar autenticación | H9: Dado que el usuario ingresa credenciale s válidas, cuando inicia sesión, entonces accede al sistema. | I9: 8 | J9: 5 | L9: 1 | M9: Terminado
B10: HU01 | C10: Usuario | D10: Iniciar sesion | E10: Acceder al sistema según mi rol | F10: 1.4 | G10: Mostrar errores | H10: Dado credenciale s inválidas, cuando intenta iniciar sesión, entonces se muestra error. | I10: 6 | J10: 2 | L10: 1 | M10: Terminado
B11: HU02 | C11: Administrador | D11: Gestionar roles | E11: Controlar accesos | F11: 2.1 | G11: Crear vista de roles | H11: Dado un usuario, cuando asigno rol, entonces se guarda correctamente. | I11: 8 | J11: 2 | L11: 1 | M11: Terminado
B12: HU02 | C12: Administrador | D12: Gestionar roles | E12: Controlar accesos | F12: 2.2 | G12: CRUD de roles | H12: Dado un usuario, cuando asigno rol, entonces se guarda correctamente. | I12: 9 | J12: 2 | L12: 1 | M12: Terminado
B13: HU02 | C13: Administrador | D13: Gestionar roles | E13: Controlar accesos | F13: 2.3 | G13: Asignar roles | H13: Dado un rol, cuando se consulta, entonces muestra permisos asociados | I13: 8 | J13: 3 | L13: 1 | M13: Terminado
B14: HU03 | C14: Administrador | D14: Registrar docentes | E14: Asignarlos a cursos | F14: 3.1 | G14: Formulario docente | H14: Dado datos válidos, cuando registro docente, entonces se almacena correctamente. | I14: 8 | J14: 2 | L14: 1 | M14: Terminado
B15: HU03 | C15: Administrador | D15: Registrar docentes | E15: Asignarlos a cursos | F15: 3.2 | G15: Validación de datos | H15: Dado datos válidos, cuando registro docente, entonces se almacena correctamente. | I15: 8 | J15: 2 | L15: 1 | M15: Terminado
B16: HU03 | C16: Administrador | D16: Registrar docentes | E16: Asignarlos a cursos | F16: 3.3 | G16: Guardar docente | H16: Dado datos válidos, cuando registro docente, entonces se almacena correctamente. | I16: 9 | J16: 3 | L16: 1 | M16: Terminado
B17: HU04 | C17: Administrador | D17: Registrar cursos | E17: Planificar horarios | F17: 4.1 | G17: Formulario cursos | H17: Dado datos válidos, cuando registro curso, entonces se guarda. | I17: 9 | J17: 2 | L17: 2 | M17: Por Hacer
B18: HU04 | C18: Administrador | D18: Registrar cursos | E18: Planificar horarios | F18: 4.2 | G18: Validar duplicados | H18: Dado datos válidos, cuando registro curso, entonces se guarda. | I18: 8 | J18: 3 | L18: 2 | M18: Por Hacer
... B49: HU16 | C49: Usuario | D49: Exportar Excel | E49: Analizar horario | F49: 16.2 | G49: Botón exportar | H49: Dado horario, cuando exporto, entonces genera Excel. | I49: 3 | J49: 1 | L49: 2 | M49: Por Hacer

Sheet Sprints
B2: Sprint | C2: Inicio | D2: Días | E2: Final | F2: Estimación | G2: Estado | H2: Fecha Liberación | I2: Meta
B3: 1 | C3: 43332 | D3: 30 | E3: 43362 | F3: =IF(B3="","",SUMIF('Backlog del Producto'!L$7:L$130,Sprints!B3,'Backlog del Producto'!J$7:J$130)) -> 44 | G3: Planeado
B4: 2 | C4: =IF(AND(C3<>"",D3<>"",D4<>""),C3+D3,"") -> 43362 | D4: 15 | E4: =IF(AND(C4<>"",D4<>""),C4+D4-1,"") -> 43376 | F4: =IF(B4="","",SUMIF('Backlog del Producto'!L$7:L$130,Sprints!B4,'Backlog del Producto'!J$7:J$130)) -> 26 | G4: Planeado
B5: 3 | C5: =IF(AND(C4<>"",D4<>"",D5<>""),C4+D4,"") -> 43377 | D5: 30 | E5: =IF(AND(C5<>"",D5<>""),C5+D5-1,"") -> 43406 | F5: =IF(B5="","",SUMIF('Backlog del Producto'!L$7:L$130,Sprints!B5,'Backlog del Producto'!J$7:J$130)) -> 23 | G5: Planeado
B6: 4 | C6: =IF(AND(C5<>"",D5<>"",D6<>""),C5+D5,"") -> 43407 | D6: 30 | E6: =IF(AND(C6<>"",D6<>""),C6+D6-1,"") -> 43436 | F6: =IF(B6="","",SUMIF('Backlog del Producto'!L$7:L$130,Sprints!B6,'Backlog del Producto'!J$7:J$130)) -> 10 | G6: Planeado
B7: 5 | C7: =IF(AND(C6<>"",D6<>"",D7<>""),C6+D6,"") -> 43437 | D7: 30 | E7: =IF(AND(C7<>"",D7<>""),C7+D7-1,"") -> 43466 | F7: =IF(B7="","",SUMIF('Backlog del Producto'!L$7:L$130,Sprints!B7,'Backlog del Producto'!J$7:J$130)) -> 17 | G7: Planeado
B9: =IF(AND(C9<>"",D9<>""),B8+1,"") | C9: =IF(AND(C8<>"",D8<>"",D9<>""),C8+D8,"") | E9: =IF(AND(C9<>"",D9<>""),C9+D9-1,"") | F9: =IF(B9="","",SUMIF('Backlog del Producto'!L$8:L$130,Sprints!B9,'Backlog del Producto'!J$8:J$130)) | G9: =IF(AND(OR(G8="Planned",G8="Ongoing"),D9<>""),"Planned","Unplanned") -> Unplanned
B10: =IF(AND(C10<>"",D10<>""),B9+1,"") | C10: =IF(AND(C9<>"",D9<>"",D10<>""),C9+D9,"") | E10: =IF(AND(C10<>"",D10<>""),C10+D10-1,"") | F10: =IF(B10="","",SUMIF('Backlog del Producto'!L$8:L$130,Sprints!B10,'Backlog del Producto'!J$8:J$130)) | G10: =IF(AND(OR(G9="Planned",G9="Ongoing"),D10<>""),"Planned","Unplanned") -> Unplanned
B11: =IF(AND(C11<>"",D11<>""),B10+1,"") | C11: =IF(AND(C10<>"",D10<>"",D11<>""),C10+D10,"") | E11: =IF(AND(C11<>"",D11<>""),C11+D11-1,"") | F11: =IF(B11="","",SUMIF('Backlog del Producto'!L$8:L$130,Sprints!B11,'Backlog del Producto'!J$8:J$130)) | G11: =IF(AND(OR(G10="Planned",G10="Ongoing"),D11<>""),"Planned","Unplanned") -> Unplanned
B12: =IF(AND(C12<>"",D12<>""),B11+1,"") | C12: =IF(AND(C11<>"",D11<>"",D12<>""),C11+D11,"") | E12: =IF(AND(C12<>"",D12<>""),C12+D12-1,"") | F12: =IF(B12="","",SUMIF('Backlog del Producto'!L$8:L$130,Sprints!B12,'Backlog del Producto'!J$8:J$130)) | G12: =IF(AND(OR(G11="Planned",G11="Ongoing"),D12<>""),"Planned","Unplanned") -> Unplanned
B13: =IF(AND(C13<>"",D13<>""),B12+1,"") | C13: =IF(AND(C12<>"",D12<>"",D13<>""),C12+D12,"") | E13: =IF(AND(C13<>"",D13<>""),C13+D13-1,"") | F13: =IF(B13="","",SUMIF('Backlog del Producto'!L$8:L$130,Sprints!B13,'Backlog del Producto'!J$8:J$130)) | G13: =IF(AND(OR(G12="Planned",G12="Ongoing"),D13<>""),"Planned","Unplanned") -> Unplanned
B14: =IF(AND(C14<>"",D14<>""),B13+1,"") | C14: =IF(AND(C13<>"",D13<>"",D14<>""),C13+D13,"") | E14: =IF(AND(C14<>"",D14<>""),C14+D14-1,"") | F14: =IF(B14="","",SUMIF('Backlog del Producto'!L$8:L$130,Sprints!B14,'Backlog del Producto'!J$8:J$130)) | G14: =IF(AND(OR(G13="Planned",G13="Ongoing"),D14<>""),"Planned","Unplanned") -> Unplanned
B15: =IF(AND(C15<>"",D15<>""),B14+1,"") | C15: =IF(AND(C14<>"",D14<>"",D15<>""),C14+D14,"") | E15: =IF(AND(C15<>"",D15<>""),C15+D15-1,"") | F15: =IF(B15="","",SUMIF('Backlog del Producto'!L$8:L$130,Sprints!B15,'Backlog del Producto'!J$8:J$130)) | G15: =IF(AND(OR(G14="Planned",G14="Ongoing"),D15<>""),"Planned","Unplanned") -> Unplanned
B16: =IF(AND(C16<>"",D16<>""),B15+1,"") | C16: =IF(AND(C15<>"",D15<>"",D16<>""),C15+D15,"") | E16: =IF(AND(C16<>"",D16<>""),C16+D16-1,"") | F16: =IF(B16="","",SUMIF('Backlog del Producto'!L$8:L$130,Sprints!B16,'Backlog del Producto'!J$8:J$130)) | G16: =IF(AND(OR(G15="Planned",G15="Ongoing"),D16<>""),"Planned","Unplanned") -> Unplanned
B17: =IF(AND(C17<>"",D17<>""),B16+1,"") | C17: =IF(AND(C16<>"",D16<>"",D17<>""),C16+D16,"") | E17: =IF(AND(C17<>"",D17<>""),C17+D17-1,"") | F17: =IF(B17="","",SUMIF('Backlog del Producto'!L$8:L$130,Sprints!B17,'Backlog del Producto'!J$8:J$130)) | G17: =IF(AND(OR(G16="Planned",G16="Ongoing"),D17<>""),"Planned","Unplanned") -> Unplanned
E18: Historias sin Asignar | F18: =SUMIF('Backlog del Producto'!L$8:L$130,"",'Backlog del Producto'!J$8:J$130)-SUMIF('Backlog del Producto'!M$8:M$130,"Eliminado",'Backlog del Producto'!J$8:J$130) -> 0
